concat,Year,Month,Day,Time
201911,2019,1,1,17:23:00
201912,2019,1,2,17:24:00
201913,2019,1,3,17:24:00
201914,2019,1,4,17:25:00
201915,2019,1,5,17:26:00
201916,2019,1,6,17:27:00
201917,2019,1,7,17:28:00
201918,2019,1,8,17:29:00
201919,2019,1,9,17:30:00
2019110,2019,1,10,17:30:00
2019111,2019,1,11,17:31:00
2019112,2019,1,12,17:32:00
2019113,2019,1,13,17:33:00
2019114,2019,1,14,17:34:00
2019115,2019,1,15,17:35:00
2019116,2019,1,16,17:36:00
2019117,2019,1,17,17:37:00
2019118,2019,1,18,17:38:00
2019119,2019,1,19,17:39:00
2019120,2019,1,20,17:40:00
2019121,2019,1,21,17:41:00
2019122,2019,1,22,17:42:00
2019123,2019,1,23,17:44:00
2019124,2019,1,24,17:45:00
2019125,2019,1,25,17:46:00
2019126,2019,1,26,17:47:00
2019127,2019,1,27,17:48:00
2019128,2019,1,28,17:49:00
2019129,2019,1,29,17:50:00
2019130,2019,1,30,17:51:00
2019131,2019,1,31,17:52:00
201921,2019,2,1,17:53:00
201922,2019,2,2,17:54:00
201923,2019,2,3,17:55:00
201924,2019,2,4,17:56:00
201925,2019,2,5,17:57:00
201926,2019,2,6,17:58:00
201927,2019,2,7,17:59:00
201928,2019,2,8,18:00:00
201929,2019,2,9,18:01:00
2019210,2019,2,10,18:03:00
2019211,2019,2,11,18:04:00
2019212,2019,2,12,18:05:00
2019213,2019,2,13,18:06:00
2019214,2019,2,14,18:07:00
2019215,2019,2,15,18:08:00
2019216,2019,2,16,18:09:00
2019217,2019,2,17,18:10:00
2019218,2019,2,18,18:11:00
2019219,2019,2,19,18:12:00
2019220,2019,2,20,18:13:00
2019221,2019,2,21,18:14:00
2019222,2019,2,22,18:15:00
2019223,2019,2,23,18:16:00
2019224,2019,2,24,18:17:00
2019225,2019,2,25,18:17:00
2019226,2019,2,26,18:18:00
2019227,2019,2,27,18:19:00
2019228,2019,2,28,18:20:00
201931,2019,3,1,18:21:00
201932,2019,3,2,18:22:00
201933,2019,3,3,18:23:00
201934,2019,3,4,18:24:00
201935,2019,3,5,18:25:00
201936,2019,3,6,18:26:00
201937,2019,3,7,18:27:00
201938,2019,3,8,18:28:00
201939,2019,3,9,18:29:00
2019310,2019,3,10,19:30:00
2019311,2019,3,11,19:30:00
2019312,2019,3,12,19:31:00
2019313,2019,3,13,19:32:00
2019314,2019,3,14,19:33:00
2019315,2019,3,15,19:34:00
2019316,2019,3,16,19:35:00
2019317,2019,3,17,19:36:00
2019318,2019,3,18,19:37:00
2019319,2019,3,19,19:37:00
2019320,2019,3,20,19:38:00
2019321,2019,3,21,19:39:00
2019322,2019,3,22,19:40:00
2019323,2019,3,23,19:41:00
2019324,2019,3,24,19:42:00
2019325,2019,3,25,19:43:00
2019326,2019,3,26,19:43:00
2019327,2019,3,27,19:44:00
2019328,2019,3,28,19:45:00
2019329,2019,3,29,19:46:00
2019330,2019,3,30,19:47:00
2019331,2019,3,31,19:48:00
201941,2019,4,1,19:49:00
201942,2019,4,2,19:49:00
201943,2019,4,3,19:50:00
201944,2019,4,4,19:51:00
201945,2019,4,5,19:52:00
201946,2019,4,6,19:53:00
201947,2019,4,7,19:54:00
201948,2019,4,8,19:54:00
201949,2019,4,9,19:55:00
2019410,2019,4,10,19:56:00
2019411,2019,4,11,19:57:00
2019412,2019,4,12,19:58:00
2019413,2019,4,13,19:59:00
2019414,2019,4,14,20:00:00
2019415,2019,4,15,20:00:00
2019416,2019,4,16,20:01:00
2019417,2019,4,17,20:02:00
2019418,2019,4,18,20:03:00
2019419,2019,4,19,20:04:00
2019420,2019,4,20,20:05:00
2019421,2019,4,21,20:06:00
2019422,2019,4,22,20:06:00
2019423,2019,4,23,20:07:00
2019424,2019,4,24,20:08:00
2019425,2019,4,25,20:09:00
2019426,2019,4,26,20:10:00
2019427,2019,4,27,20:11:00
2019428,2019,4,28,20:12:00
2019429,2019,4,29,20:12:00
2019430,2019,4,30,20:13:00
201951,2019,5,1,20:14:00
201952,2019,5,2,20:15:00
201953,2019,5,3,20:16:00
201954,2019,5,4,20:17:00
201955,2019,5,5,20:18:00
201956,2019,5,6,20:18:00
201957,2019,5,7,20:19:00
201958,2019,5,8,20:20:00
201959,2019,5,9,20:21:00
2019510,2019,5,10,20:22:00
2019511,2019,5,11,20:23:00
2019512,2019,5,12,20:23:00
2019513,2019,5,13,20:24:00
2019514,2019,5,14,20:25:00
2019515,2019,5,15,20:26:00
2019516,2019,5,16,20:27:00
2019517,2019,5,17,20:28:00
2019518,2019,5,18,20:28:00
2019519,2019,5,19,20:29:00
2019520,2019,5,20,20:30:00
2019521,2019,5,21,20:31:00
2019522,2019,5,22,20:31:00
2019523,2019,5,23,20:32:00
2019524,2019,5,24,20:33:00
2019525,2019,5,25,20:34:00
2019526,2019,5,26,20:34:00
2019527,2019,5,27,20:35:00
2019528,2019,5,28,20:36:00
2019529,2019,5,29,20:37:00
2019530,2019,5,30,20:37:00
2019531,2019,5,31,20:38:00
201961,2019,6,1,20:39:00
201962,2019,6,2,20:39:00
201963,2019,6,3,20:40:00
201964,2019,6,4,20:40:00
201965,2019,6,5,20:41:00
201966,2019,6,6,20:42:00
201967,2019,6,7,20:42:00
201968,2019,6,8,20:43:00
201969,2019,6,9,20:43:00
2019610,2019,6,10,20:44:00
2019611,2019,6,11,20:44:00
2019612,2019,6,12,20:44:00
2019613,2019,6,13,20:45:00
2019614,2019,6,14,20:45:00
2019615,2019,6,15,20:46:00
2019616,2019,6,16,20:46:00
2019617,2019,6,17,20:46:00
2019618,2019,6,18,20:47:00
2019619,2019,6,19,20:47:00
2019620,2019,6,20,20:47:00
2019621,2019,6,21,20:47:00
2019622,2019,6,22,20:48:00
2019623,2019,6,23,20:48:00
2019624,2019,6,24,20:48:00
2019625,2019,6,25,20:48:00
2019626,2019,6,26,20:48:00
2019627,2019,6,27,20:48:00
2019628,2019,6,28,20:48:00
2019629,2019,6,29,20:48:00
2019630,2019,6,30,20:48:00
201971,2019,7,1,20:48:00
201972,2019,7,2,20:48:00
201973,2019,7,3,20:48:00
201974,2019,7,4,20:48:00
201975,2019,7,5,20:48:00
201976,2019,7,6,20:47:00
201977,2019,7,7,20:47:00
201978,2019,7,8,20:47:00
201979,2019,7,9,20:47:00
2019710,2019,7,10,20:46:00
2019711,2019,7,11,20:46:00
2019712,2019,7,12,20:45:00
2019713,2019,7,13,20:45:00
2019714,2019,7,14,20:45:00
2019715,2019,7,15,20:44:00
2019716,2019,7,16,20:44:00
2019717,2019,7,17,20:43:00
2019718,2019,7,18,20:43:00
2019719,2019,7,19,20:42:00
2019720,2019,7,20,20:41:00
2019721,2019,7,21,20:41:00
2019722,2019,7,22,20:40:00
2019723,2019,7,23,20:39:00
2019724,2019,7,24,20:39:00
2019725,2019,7,25,20:38:00
2019726,2019,7,26,20:37:00
2019727,2019,7,27,20:36:00
2019728,2019,7,28,20:36:00
2019729,2019,7,29,20:35:00
2019730,2019,7,30,20:34:00
2019731,2019,7,31,20:33:00
201981,2019,8,1,20:32:00
201982,2019,8,2,20:31:00
201983,2019,8,3,20:30:00
201984,2019,8,4,20:29:00
201985,2019,8,5,20:28:00
201986,2019,8,6,20:27:00
201987,2019,8,7,20:26:00
201988,2019,8,8,20:25:00
201989,2019,8,9,20:24:00
2019810,2019,8,10,20:23:00
2019811,2019,8,11,20:22:00
2019812,2019,8,12,20:21:00
2019813,2019,8,13,20:20:00
2019814,2019,8,14,20:18:00
2019815,2019,8,15,20:17:00
2019816,2019,8,16,20:16:00
2019817,2019,8,17,20:15:00
2019818,2019,8,18,20:14:00
2019819,2019,8,19,20:12:00
2019820,2019,8,20,20:11:00
2019821,2019,8,21,20:10:00
2019822,2019,8,22,20:08:00
2019823,2019,8,23,20:07:00
2019824,2019,8,24,20:06:00
2019825,2019,8,25,20:04:00
2019826,2019,8,26,20:03:00
2019827,2019,8,27,20:02:00
2019828,2019,8,28,20:00:00
2019829,2019,8,29,19:59:00
2019830,2019,8,30,19:58:00
2019831,2019,8,31,19:56:00
201991,2019,9,1,19:55:00
201992,2019,9,2,19:53:00
201993,2019,9,3,19:52:00
201994,2019,9,4,19:50:00
201995,2019,9,5,19:49:00
201996,2019,9,6,19:48:00
201997,2019,9,7,19:46:00
201998,2019,9,8,19:45:00
201999,2019,9,9,19:43:00
2019910,2019,9,10,19:42:00
2019911,2019,9,11,19:40:00
2019912,2019,9,12,19:39:00
2019913,2019,9,13,19:37:00
2019914,2019,9,14,19:36:00
2019915,2019,9,15,19:34:00
2019916,2019,9,16,19:33:00
2019917,2019,9,17,19:31:00
2019918,2019,9,18,19:30:00
2019919,2019,9,19,19:28:00
2019920,2019,9,20,19:27:00
2019921,2019,9,21,19:25:00
2019922,2019,9,22,19:24:00
2019923,2019,9,23,19:22:00
2019924,2019,9,24,19:21:00
2019925,2019,9,25,19:19:00
2019926,2019,9,26,19:18:00
2019927,2019,9,27,19:16:00
2019928,2019,9,28,19:15:00
2019929,2019,9,29,19:14:00
2019930,2019,9,30,19:12:00
2019101,2019,10,1,19:11:00
2019102,2019,10,2,19:09:00
2019103,2019,10,3,19:08:00
2019104,2019,10,4,19:06:00
2019105,2019,10,5,19:05:00
2019106,2019,10,6,19:03:00
2019107,2019,10,7,19:02:00
2019108,2019,10,8,19:01:00
2019109,2019,10,9,18:59:00
20191010,2019,10,10,18:58:00
20191011,2019,10,11,18:56:00
20191012,2019,10,12,18:55:00
20191013,2019,10,13,18:54:00
20191014,2019,10,14,18:52:00
20191015,2019,10,15,18:51:00
20191016,2019,10,16,18:50:00
20191017,2019,10,17,18:48:00
20191018,2019,10,18,18:47:00
20191019,2019,10,19,18:46:00
20191020,2019,10,20,18:44:00
20191021,2019,10,21,18:43:00
20191022,2019,10,22,18:42:00
20191023,2019,10,23,18:41:00
20191024,2019,10,24,18:40:00
20191025,2019,10,25,18:38:00
20191026,2019,10,26,18:37:00
20191027,2019,10,27,18:36:00
20191028,2019,10,28,18:35:00
20191029,2019,10,29,18:34:00
20191030,2019,10,30,18:33:00
20191031,2019,10,31,18:32:00
2019111,2019,11,1,18:31:00
2019112,2019,11,2,18:30:00
2019113,2019,11,3,17:29:00
2019114,2019,11,4,17:28:00
2019115,2019,11,5,17:27:00
2019116,2019,11,6,17:26:00
2019117,2019,11,7,17:25:00
2019118,2019,11,8,17:24:00
2019119,2019,11,9,17:23:00
20191110,2019,11,10,17:22:00
20191111,2019,11,11,17:22:00
20191112,2019,11,12,17:21:00
20191113,2019,11,13,17:20:00
20191114,2019,11,14,17:19:00
20191115,2019,11,15,17:19:00
20191116,2019,11,16,17:18:00
20191117,2019,11,17,17:17:00
20191118,2019,11,18,17:17:00
20191119,2019,11,19,17:16:00
20191120,2019,11,20,17:16:00
20191121,2019,11,21,17:15:00
20191122,2019,11,22,17:15:00
20191123,2019,11,23,17:14:00
20191124,2019,11,24,17:14:00
20191125,2019,11,25,17:14:00
20191126,2019,11,26,17:13:00
20191127,2019,11,27,17:13:00
20191128,2019,11,28,17:13:00
20191129,2019,11,29,17:12:00
20191130,2019,11,30,17:12:00
2019121,2019,12,1,17:12:00
2019122,2019,12,2,17:12:00
2019123,2019,12,3,17:12:00
2019124,2019,12,4,17:12:00
2019125,2019,12,5,17:12:00
2019126,2019,12,6,17:12:00
2019127,2019,12,7,17:12:00
2019128,2019,12,8,17:12:00
2019129,2019,12,9,17:12:00
20191210,2019,12,10,17:12:00
20191211,2019,12,11,17:12:00
20191212,2019,12,12,17:12:00
20191213,2019,12,13,17:13:00
20191214,2019,12,14,17:13:00
20191215,2019,12,15,17:13:00
20191216,2019,12,16,17:13:00
20191217,2019,12,17,17:14:00
20191218,2019,12,18,17:14:00
20191219,2019,12,19,17:15:00
20191220,2019,12,20,17:15:00
20191221,2019,12,21,17:16:00
20191222,2019,12,22,17:16:00
20191223,2019,12,23,17:17:00
20191224,2019,12,24,17:17:00
20191225,2019,12,25,17:18:00
20191226,2019,12,26,17:18:00
20191227,2019,12,27,17:19:00
20191228,2019,12,28,17:20:00
20191229,2019,12,29,17:20:00
20191230,2019,12,30,17:21:00
20191231,2019,12,31,17:22:00
201811,2018,1,1,17:23:00
201812,2018,1,2,17:24:00
201813,2018,1,3,17:25:00
201814,2018,1,4,17:25:00
201815,2018,1,5,17:26:00
201816,2018,1,6,17:27:00
201817,2018,1,7,17:28:00
201818,2018,1,8,17:29:00
201819,2018,1,9,17:30:00
2018110,2018,1,10,17:31:00
2018111,2018,1,11,17:32:00
2018112,2018,1,12,17:33:00
2018113,2018,1,13,17:34:00
2018114,2018,1,14,17:35:00
2018115,2018,1,15,17:36:00
2018116,2018,1,16,17:37:00
2018117,2018,1,17,17:38:00
2018118,2018,1,18,17:39:00
2018119,2018,1,19,17:40:00
2018120,2018,1,20,17:41:00
2018121,2018,1,21,17:42:00
2018122,2018,1,22,17:43:00
2018123,2018,1,23,17:44:00
2018124,2018,1,24,17:45:00
2018125,2018,1,25,17:46:00
2018126,2018,1,26,17:47:00
2018127,2018,1,27,17:48:00
2018128,2018,1,28,17:49:00
2018129,2018,1,29,17:50:00
2018130,2018,1,30,17:51:00
2018131,2018,1,31,17:52:00
201821,2018,2,1,17:53:00
201822,2018,2,2,17:54:00
201823,2018,2,3,17:55:00
201824,2018,2,4,17:56:00
201825,2018,2,5,17:58:00
201826,2018,2,6,17:59:00
201827,2018,2,7,18:00:00
201828,2018,2,8,18:01:00
201829,2018,2,9,18:02:00
2018210,2018,2,10,18:03:00
2018211,2018,2,11,18:04:00
2018212,2018,2,12,18:05:00
2018213,2018,2,13,18:06:00
2018214,2018,2,14,18:07:00
2018215,2018,2,15,18:08:00
2018216,2018,2,16,18:09:00
2018217,2018,2,17,18:10:00
2018218,2018,2,18,18:11:00
2018219,2018,2,19,18:12:00
2018220,2018,2,20,18:13:00
2018221,2018,2,21,18:14:00
2018222,2018,2,22,18:15:00
2018223,2018,2,23,18:16:00
2018224,2018,2,24,18:17:00
2018225,2018,2,25,18:18:00
2018226,2018,2,26,18:19:00
2018227,2018,2,27,18:20:00
2018228,2018,2,28,18:21:00
201831,2018,3,1,18:22:00
201832,2018,3,2,18:22:00
201833,2018,3,3,18:23:00
201834,2018,3,4,18:24:00
201835,2018,3,5,18:25:00
201836,2018,3,6,18:26:00
201837,2018,3,7,18:27:00
201838,2018,3,8,18:28:00
201839,2018,3,9,18:29:00
2018310,2018,3,10,18:30:00
2018311,2018,3,11,19:31:00
2018312,2018,3,12,19:32:00
2018313,2018,3,13,19:32:00
2018314,2018,3,14,19:33:00
2018315,2018,3,15,19:34:00
2018316,2018,3,16,19:35:00
2018317,2018,3,17,19:36:00
2018318,2018,3,18,19:37:00
2018319,2018,3,19,19:38:00
2018320,2018,3,20,19:38:00
2018321,2018,3,21,19:39:00
2018322,2018,3,22,19:40:00
2018323,2018,3,23,19:41:00
2018324,2018,3,24,19:42:00
2018325,2018,3,25,19:43:00
2018326,2018,3,26,19:44:00
2018327,2018,3,27,19:44:00
2018328,2018,3,28,19:45:00
2018329,2018,3,29,19:46:00
2018330,2018,3,30,19:47:00
2018331,2018,3,31,19:48:00
201841,2018,4,1,19:49:00
201842,2018,4,2,19:50:00
201843,2018,4,3,19:50:00
201844,2018,4,4,19:51:00
201845,2018,4,5,19:52:00
201846,2018,4,6,19:53:00
201847,2018,4,7,19:54:00
201848,2018,4,8,19:55:00
201849,2018,4,9,19:55:00
2018410,2018,4,10,19:56:00
2018411,2018,4,11,19:57:00
2018412,2018,4,12,19:58:00
2018413,2018,4,13,19:59:00
2018414,2018,4,14,20:00:00
2018415,2018,4,15,20:01:00
2018416,2018,4,16,20:01:00
2018417,2018,4,17,20:02:00
2018418,2018,4,18,20:03:00
2018419,2018,4,19,20:04:00
2018420,2018,4,20,20:05:00
2018421,2018,4,21,20:06:00
2018422,2018,4,22,20:07:00
2018423,2018,4,23,20:07:00
2018424,2018,4,24,20:08:00
2018425,2018,4,25,20:09:00
2018426,2018,4,26,20:10:00
2018427,2018,4,27,20:11:00
2018428,2018,4,28,20:12:00
2018429,2018,4,29,20:13:00
2018430,2018,4,30,20:13:00
201851,2018,5,1,20:14:00
201852,2018,5,2,20:15:00
201853,2018,5,3,20:16:00
201854,2018,5,4,20:17:00
201855,2018,5,5,20:18:00
201856,2018,5,6,20:19:00
201857,2018,5,7,20:19:00
201858,2018,5,8,20:20:00
201859,2018,5,9,20:21:00
2018510,2018,5,10,20:22:00
2018511,2018,5,11,20:23:00
2018512,2018,5,12,20:24:00
2018513,2018,5,13,20:24:00
2018514,2018,5,14,20:25:00
2018515,2018,5,15,20:26:00
2018516,2018,5,16,20:27:00
2018517,2018,5,17,20:28:00
2018518,2018,5,18,20:29:00
2018519,2018,5,19,20:29:00
2018520,2018,5,20,20:30:00
2018521,2018,5,21,20:31:00
2018522,2018,5,22,20:32:00
2018523,2018,5,23,20:32:00
2018524,2018,5,24,20:33:00
2018525,2018,5,25,20:34:00
2018526,2018,5,26,20:35:00
2018527,2018,5,27,20:35:00
2018528,2018,5,28,20:36:00
2018529,2018,5,29,20:37:00
2018530,2018,5,30,20:37:00
2018531,2018,5,31,20:38:00
201861,2018,6,1,20:39:00
201862,2018,6,2,20:39:00
201863,2018,6,3,20:40:00
201864,2018,6,4,20:41:00
201865,2018,6,5,20:41:00
201866,2018,6,6,20:42:00
201867,2018,6,7,20:42:00
201868,2018,6,8,20:43:00
201869,2018,6,9,20:43:00
2018610,2018,6,10,20:44:00
2018611,2018,6,11,20:44:00
2018612,2018,6,12,20:45:00
2018613,2018,6,13,20:45:00
2018614,2018,6,14,20:45:00
2018615,2018,6,15,20:46:00
2018616,2018,6,16,20:46:00
2018617,2018,6,17,20:46:00
2018618,2018,6,18,20:47:00
2018619,2018,6,19,20:47:00
2018620,2018,6,20,20:47:00
2018621,2018,6,21,20:47:00
2018622,2018,6,22,20:48:00
2018623,2018,6,23,20:48:00
2018624,2018,6,24,20:48:00
2018625,2018,6,25,20:48:00
2018626,2018,6,26,20:48:00
2018627,2018,6,27,20:48:00
2018628,2018,6,28,20:48:00
2018629,2018,6,29,20:48:00
2018630,2018,6,30,20:48:00
201871,2018,7,1,20:48:00
201872,2018,7,2,20:48:00
201873,2018,7,3,20:48:00
201874,2018,7,4,20:48:00
201875,2018,7,5,20:47:00
201876,2018,7,6,20:47:00
201877,2018,7,7,20:47:00
201878,2018,7,8,20:47:00
201879,2018,7,9,20:46:00
2018710,2018,7,10,20:46:00
2018711,2018,7,11,20:46:00
2018712,2018,7,12,20:45:00
2018713,2018,7,13,20:45:00
2018714,2018,7,14,20:45:00
2018715,2018,7,15,20:44:00
2018716,2018,7,16,20:44:00
2018717,2018,7,17,20:43:00
2018718,2018,7,18,20:42:00
2018719,2018,7,19,20:42:00
2018720,2018,7,20,20:41:00
2018721,2018,7,21,20:41:00
2018722,2018,7,22,20:40:00
2018723,2018,7,23,20:39:00
2018724,2018,7,24,20:39:00
2018725,2018,7,25,20:38:00
2018726,2018,7,26,20:37:00
2018727,2018,7,27,20:36:00
2018728,2018,7,28,20:35:00
2018729,2018,7,29,20:35:00
2018730,2018,7,30,20:34:00
2018731,2018,7,31,20:33:00
201881,2018,8,1,20:32:00
201882,2018,8,2,20:31:00
201883,2018,8,3,20:30:00
201884,2018,8,4,20:29:00
201885,2018,8,5,20:28:00
201886,2018,8,6,20:27:00
201887,2018,8,7,20:26:00
201888,2018,8,8,20:25:00
201889,2018,8,9,20:24:00
2018810,2018,8,10,20:23:00
2018811,2018,8,11,20:22:00
2018812,2018,8,12,20:20:00
2018813,2018,8,13,20:19:00
2018814,2018,8,14,20:18:00
2018815,2018,8,15,20:17:00
2018816,2018,8,16,20:16:00
2018817,2018,8,17,20:14:00
2018818,2018,8,18,20:13:00
2018819,2018,8,19,20:12:00
2018820,2018,8,20,20:11:00
2018821,2018,8,21,20:09:00
2018822,2018,8,22,20:08:00
2018823,2018,8,23,20:07:00
2018824,2018,8,24,20:05:00
2018825,2018,8,25,20:04:00
2018826,2018,8,26,20:03:00
2018827,2018,8,27,20:01:00
2018828,2018,8,28,20:00:00
2018829,2018,8,29,19:59:00
2018830,2018,8,30,19:57:00
2018831,2018,8,31,19:56:00
201891,2018,9,1,19:54:00
201892,2018,9,2,19:53:00
201893,2018,9,3,19:52:00
201894,2018,9,4,19:50:00
201895,2018,9,5,19:49:00
201896,2018,9,6,19:47:00
201897,2018,9,7,19:46:00
201898,2018,9,8,19:44:00
201899,2018,9,9,19:43:00
2018910,2018,9,10,19:41:00
2018911,2018,9,11,19:40:00
2018912,2018,9,12,19:38:00
2018913,2018,9,13,19:37:00
2018914,2018,9,14,19:35:00
2018915,2018,9,15,19:34:00
2018916,2018,9,16,19:32:00
2018917,2018,9,17,19:31:00
2018918,2018,9,18,19:29:00
2018919,2018,9,19,19:28:00
2018920,2018,9,20,19:26:00
2018921,2018,9,21,19:25:00
2018922,2018,9,22,19:24:00
2018923,2018,9,23,19:22:00
2018924,2018,9,24,19:21:00
2018925,2018,9,25,19:19:00
2018926,2018,9,26,19:18:00
2018927,2018,9,27,19:16:00
2018928,2018,9,28,19:15:00
2018929,2018,9,29,19:13:00
2018930,2018,9,30,19:12:00
2018101,2018,10,1,19:10:00
2018102,2018,10,2,19:09:00
2018103,2018,10,3,19:07:00
2018104,2018,10,4,19:06:00
2018105,2018,10,5,19:04:00
2018106,2018,10,6,19:03:00
2018107,2018,10,7,19:02:00
2018108,2018,10,8,19:00:00
2018109,2018,10,9,18:59:00
20181010,2018,10,10,18:57:00
20181011,2018,10,11,18:56:00
20181012,2018,10,12,18:55:00
20181013,2018,10,13,18:53:00
20181014,2018,10,14,18:52:00
20181015,2018,10,15,18:51:00
20181016,2018,10,16,18:49:00
20181017,2018,10,17,18:48:00
20181018,2018,10,18,18:47:00
20181019,2018,10,19,18:45:00
20181020,2018,10,20,18:44:00
20181021,2018,10,21,18:43:00
20181022,2018,10,22,18:42:00
20181023,2018,10,23,18:40:00
20181024,2018,10,24,18:39:00
20181025,2018,10,25,18:38:00
20181026,2018,10,26,18:37:00
20181027,2018,10,27,18:36:00
20181028,2018,10,28,18:35:00
20181029,2018,10,29,18:34:00
20181030,2018,10,30,18:33:00
20181031,2018,10,31,18:31:00
2018111,2018,11,1,18:30:00
2018112,2018,11,2,18:29:00
2018113,2018,11,3,18:28:00
2018114,2018,11,4,17:27:00
2018115,2018,11,5,17:27:00
2018116,2018,11,6,17:26:00
2018117,2018,11,7,17:25:00
2018118,2018,11,8,17:24:00
2018119,2018,11,9,17:23:00
20181110,2018,11,10,17:22:00
20181111,2018,11,11,17:21:00
20181112,2018,11,12,17:21:00
20181113,2018,11,13,17:20:00
20181114,2018,11,14,17:19:00
20181115,2018,11,15,17:19:00
20181116,2018,11,16,17:18:00
20181117,2018,11,17,17:17:00
20181118,2018,11,18,17:17:00
20181119,2018,11,19,17:16:00
20181120,2018,11,20,17:16:00
20181121,2018,11,21,17:15:00
20181122,2018,11,22,17:15:00
20181123,2018,11,23,17:14:00
20181124,2018,11,24,17:14:00
20181125,2018,11,25,17:14:00
20181126,2018,11,26,17:13:00
20181127,2018,11,27,17:13:00
20181128,2018,11,28,17:13:00
20181129,2018,11,29,17:12:00
20181130,2018,11,30,17:12:00
2018121,2018,12,1,17:12:00
2018122,2018,12,2,17:12:00
2018123,2018,12,3,17:12:00
2018124,2018,12,4,17:12:00
2018125,2018,12,5,17:12:00
2018126,2018,12,6,17:12:00
2018127,2018,12,7,17:12:00
2018128,2018,12,8,17:12:00
2018129,2018,12,9,17:12:00
20181210,2018,12,10,17:12:00
20181211,2018,12,11,17:12:00
20181212,2018,12,12,17:12:00
20181213,2018,12,13,17:13:00
20181214,2018,12,14,17:13:00
20181215,2018,12,15,17:13:00
20181216,2018,12,16,17:14:00
20181217,2018,12,17,17:14:00
20181218,2018,12,18,17:14:00
20181219,2018,12,19,17:15:00
20181220,2018,12,20,17:15:00
20181221,2018,12,21,17:16:00
20181222,2018,12,22,17:16:00
20181223,2018,12,23,17:17:00
20181224,2018,12,24,17:17:00
20181225,2018,12,25,17:18:00
20181226,2018,12,26,17:18:00
20181227,2018,12,27,17:19:00
20181228,2018,12,28,17:20:00
20181229,2018,12,29,17:20:00
20181230,2018,12,30,17:21:00
20181231,2018,12,31,17:22:00
201711,2017,1,1,17:23:00
201712,2017,1,2,17:24:00
201713,2017,1,3,17:25:00
201714,2017,1,4,17:26:00
201715,2017,1,5,17:26:00
201716,2017,1,6,17:27:00
201717,2017,1,7,17:28:00
201718,2017,1,8,17:29:00
201719,2017,1,9,17:30:00
2017110,2017,1,10,17:31:00
2017111,2017,1,11,17:32:00
2017112,2017,1,12,17:33:00
2017113,2017,1,13,17:34:00
2017114,2017,1,14,17:35:00
2017115,2017,1,15,17:36:00
2017116,2017,1,16,17:37:00
2017117,2017,1,17,17:38:00
2017118,2017,1,18,17:39:00
2017119,2017,1,19,17:40:00
2017120,2017,1,20,17:41:00
2017121,2017,1,21,17:42:00
2017122,2017,1,22,17:43:00
2017123,2017,1,23,17:44:00
2017124,2017,1,24,17:45:00
2017125,2017,1,25,17:46:00
2017126,2017,1,26,17:47:00
2017127,2017,1,27,17:48:00
2017128,2017,1,28,17:49:00
2017129,2017,1,29,17:50:00
2017130,2017,1,30,17:51:00
2017131,2017,1,31,17:53:00
201721,2017,2,1,17:54:00
201722,2017,2,2,17:55:00
201723,2017,2,3,17:56:00
201724,2017,2,4,17:57:00
201725,2017,2,5,17:58:00
201726,2017,2,6,17:59:00
201727,2017,2,7,18:00:00
201728,2017,2,8,18:01:00
201729,2017,2,9,18:02:00
2017210,2017,2,10,18:03:00
2017211,2017,2,11,18:04:00
2017212,2017,2,12,18:05:00
2017213,2017,2,13,18:06:00
2017214,2017,2,14,18:07:00
2017215,2017,2,15,18:08:00
2017216,2017,2,16,18:09:00
2017217,2017,2,17,18:10:00
2017218,2017,2,18,18:11:00
2017219,2017,2,19,18:12:00
2017220,2017,2,20,18:13:00
2017221,2017,2,21,18:14:00
2017222,2017,2,22,18:15:00
2017223,2017,2,23,18:16:00
2017224,2017,2,24,18:17:00
2017225,2017,2,25,18:18:00
2017226,2017,2,26,18:19:00
2017227,2017,2,27,18:20:00
2017228,2017,2,28,18:21:00
201731,2017,3,1,18:22:00
201732,2017,3,2,18:23:00
201733,2017,3,3,18:24:00
201734,2017,3,4,18:25:00
201735,2017,3,5,18:25:00
201736,2017,3,6,18:26:00
201737,2017,3,7,18:27:00
201738,2017,3,8,18:28:00
201739,2017,3,9,18:29:00
2017310,2017,3,10,18:30:00
2017311,2017,3,11,18:31:00
2017312,2017,3,12,19:32:00
2017313,2017,3,13,19:33:00
2017314,2017,3,14,19:33:00
2017315,2017,3,15,19:34:00
2017316,2017,3,16,19:35:00
2017317,2017,3,17,19:36:00
2017318,2017,3,18,19:37:00
2017319,2017,3,19,19:38:00
2017320,2017,3,20,19:39:00
2017321,2017,3,21,19:40:00
2017322,2017,3,22,19:40:00
2017323,2017,3,23,19:41:00
2017324,2017,3,24,19:42:00
2017325,2017,3,25,19:43:00
2017326,2017,3,26,19:44:00
2017327,2017,3,27,19:45:00
2017328,2017,3,28,19:46:00
2017329,2017,3,29,19:46:00
2017330,2017,3,30,19:47:00
2017331,2017,3,31,19:48:00
201741,2017,4,1,19:49:00
201742,2017,4,2,19:50:00
201743,2017,4,3,19:51:00
201744,2017,4,4,19:51:00
201745,2017,4,5,19:52:00
201746,2017,4,6,19:53:00
201747,2017,4,7,19:54:00
201748,2017,4,8,19:55:00
201749,2017,4,9,19:56:00
2017410,2017,4,10,19:57:00
2017411,2017,4,11,19:57:00
2017412,2017,4,12,19:58:00
2017413,2017,4,13,19:59:00
2017414,2017,4,14,20:00:00
2017415,2017,4,15,20:01:00
2017416,2017,4,16,20:02:00
2017417,2017,4,17,20:03:00
2017418,2017,4,18,20:03:00
2017419,2017,4,19,20:04:00
2017420,2017,4,20,20:05:00
2017421,2017,4,21,20:06:00
2017422,2017,4,22,20:07:00
2017423,2017,4,23,20:08:00
2017424,2017,4,24,20:09:00
2017425,2017,4,25,20:09:00
2017426,2017,4,26,20:10:00
2017427,2017,4,27,20:11:00
2017428,2017,4,28,20:12:00
2017429,2017,4,29,20:13:00
2017430,2017,4,30,20:14:00
201751,2017,5,1,20:15:00
201752,2017,5,2,20:15:00
201753,2017,5,3,20:16:00
201754,2017,5,4,20:17:00
201755,2017,5,5,20:18:00
201756,2017,5,6,20:19:00
201757,2017,5,7,20:20:00
201758,2017,5,8,20:21:00
201759,2017,5,9,20:21:00
2017510,2017,5,10,20:22:00
2017511,2017,5,11,20:23:00
2017512,2017,5,12,20:24:00
2017513,2017,5,13,20:25:00
2017514,2017,5,14,20:26:00
2017515,2017,5,15,20:26:00
2017516,2017,5,16,20:27:00
2017517,2017,5,17,20:28:00
2017518,2017,5,18,20:29:00
2017519,2017,5,19,20:30:00
2017520,2017,5,20,20:30:00
2017521,2017,5,21,20:31:00
2017522,2017,5,22,20:32:00
2017523,2017,5,23,20:33:00
2017524,2017,5,24,20:33:00
2017525,2017,5,25,20:34:00
2017526,2017,5,26,20:35:00
2017527,2017,5,27,20:35:00
2017528,2017,5,28,20:36:00
2017529,2017,5,29,20:37:00
2017530,2017,5,30,20:38:00
2017531,2017,5,31,20:38:00
201761,2017,6,1,20:39:00
201762,2017,6,2,20:39:00
201763,2017,6,3,20:40:00
201764,2017,6,4,20:41:00
201765,2017,6,5,20:41:00
201766,2017,6,6,20:42:00
201767,2017,6,7,20:42:00
201768,2017,6,8,20:43:00
201769,2017,6,9,20:43:00
2017610,2017,6,10,20:44:00
2017611,2017,6,11,20:44:00
2017612,2017,6,12,20:45:00
2017613,2017,6,13,20:45:00
2017614,2017,6,14,20:45:00
2017615,2017,6,15,20:46:00
2017616,2017,6,16,20:46:00
2017617,2017,6,17,20:46:00
2017618,2017,6,18,20:47:00
2017619,2017,6,19,20:47:00
2017620,2017,6,20,20:47:00
2017621,2017,6,21,20:47:00
2017622,2017,6,22,20:48:00
2017623,2017,6,23,20:48:00
2017624,2017,6,24,20:48:00
2017625,2017,6,25,20:48:00
2017626,2017,6,26,20:48:00
2017627,2017,6,27,20:48:00
2017628,2017,6,28,20:48:00
2017629,2017,6,29,20:48:00
2017630,2017,6,30,20:48:00
201771,2017,7,1,20:48:00
201772,2017,7,2,20:48:00
201773,2017,7,3,20:48:00
201774,2017,7,4,20:48:00
201775,2017,7,5,20:47:00
201776,2017,7,6,20:47:00
201777,2017,7,7,20:47:00
201778,2017,7,8,20:47:00
201779,2017,7,9,20:46:00
2017710,2017,7,10,20:46:00
2017711,2017,7,11,20:46:00
2017712,2017,7,12,20:45:00
2017713,2017,7,13,20:45:00
2017714,2017,7,14,20:44:00
2017715,2017,7,15,20:44:00
2017716,2017,7,16,20:43:00
2017717,2017,7,17,20:43:00
2017718,2017,7,18,20:42:00
2017719,2017,7,19,20:42:00
2017720,2017,7,20,20:41:00
2017721,2017,7,21,20:40:00
2017722,2017,7,22,20:40:00
2017723,2017,7,23,20:39:00
2017724,2017,7,24,20:38:00
2017725,2017,7,25,20:38:00
2017726,2017,7,26,20:37:00
2017727,2017,7,27,20:36:00
2017728,2017,7,28,20:35:00
2017729,2017,7,29,20:34:00
2017730,2017,7,30,20:34:00
2017731,2017,7,31,20:33:00
201781,2017,8,1,20:32:00
201782,2017,8,2,20:31:00
201783,2017,8,3,20:30:00
201784,2017,8,4,20:29:00
201785,2017,8,5,20:28:00
201786,2017,8,6,20:27:00
201787,2017,8,7,20:26:00
201788,2017,8,8,20:25:00
201789,2017,8,9,20:24:00
2017810,2017,8,10,20:22:00
2017811,2017,8,11,20:21:00
2017812,2017,8,12,20:20:00
2017813,2017,8,13,20:19:00
2017814,2017,8,14,20:18:00
2017815,2017,8,15,20:17:00
2017816,2017,8,16,20:15:00
2017817,2017,8,17,20:14:00
2017818,2017,8,18,20:13:00
2017819,2017,8,19,20:12:00
2017820,2017,8,20,20:10:00
2017821,2017,8,21,20:09:00
2017822,2017,8,22,20:08:00
2017823,2017,8,23,20:06:00
2017824,2017,8,24,20:05:00
2017825,2017,8,25,20:04:00
2017826,2017,8,26,20:02:00
2017827,2017,8,27,20:01:00
2017828,2017,8,28,20:00:00
2017829,2017,8,29,19:58:00
2017830,2017,8,30,19:57:00
2017831,2017,8,31,19:55:00
201791,2017,9,1,19:54:00
201792,2017,9,2,19:53:00
201793,2017,9,3,19:51:00
201794,2017,9,4,19:50:00
201795,2017,9,5,19:48:00
201796,2017,9,6,19:47:00
201797,2017,9,7,19:45:00
201798,2017,9,8,19:44:00
201799,2017,9,9,19:42:00
2017910,2017,9,10,19:41:00
2017911,2017,9,11,19:40:00
2017912,2017,9,12,19:38:00
2017913,2017,9,13,19:37:00
2017914,2017,9,14,19:35:00
2017915,2017,9,15,19:34:00
2017916,2017,9,16,19:32:00
2017917,2017,9,17,19:31:00
2017918,2017,9,18,19:29:00
2017919,2017,9,19,19:28:00
2017920,2017,9,20,19:26:00
2017921,2017,9,21,19:25:00
2017922,2017,9,22,19:23:00
2017923,2017,9,23,19:22:00
2017924,2017,9,24,19:20:00
2017925,2017,9,25,19:19:00
2017926,2017,9,26,19:17:00
2017927,2017,9,27,19:16:00
2017928,2017,9,28,19:14:00
2017929,2017,9,29,19:13:00
2017930,2017,9,30,19:11:00
2017101,2017,10,1,19:10:00
2017102,2017,10,2,19:08:00
2017103,2017,10,3,19:07:00
2017104,2017,10,4,19:06:00
2017105,2017,10,5,19:04:00
2017106,2017,10,6,19:03:00
2017107,2017,10,7,19:01:00
2017108,2017,10,8,19:00:00
2017109,2017,10,9,18:58:00
20171010,2017,10,10,18:57:00
20171011,2017,10,11,18:56:00
20171012,2017,10,12,18:54:00
20171013,2017,10,13,18:53:00
20171014,2017,10,14,18:52:00
20171015,2017,10,15,18:50:00
20171016,2017,10,16,18:49:00
20171017,2017,10,17,18:48:00
20171018,2017,10,18,18:46:00
20171019,2017,10,19,18:45:00
20171020,2017,10,20,18:44:00
20171021,2017,10,21,18:43:00
20171022,2017,10,22,18:41:00
20171023,2017,10,23,18:40:00
20171024,2017,10,24,18:39:00
20171025,2017,10,25,18:38:00
20171026,2017,10,26,18:37:00
20171027,2017,10,27,18:36:00
20171028,2017,10,28,18:34:00
20171029,2017,10,29,18:33:00
20171030,2017,10,30,18:32:00
20171031,2017,10,31,18:31:00
2017111,2017,11,1,18:30:00
2017112,2017,11,2,18:29:00
2017113,2017,11,3,18:28:00
2017114,2017,11,4,18:27:00
2017115,2017,11,5,17:26:00
2017116,2017,11,6,17:25:00
2017117,2017,11,7,17:25:00
2017118,2017,11,8,17:24:00
2017119,2017,11,9,17:23:00
20171110,2017,11,10,17:22:00
20171111,2017,11,11,17:21:00
20171112,2017,11,12,17:21:00
20171113,2017,11,13,17:20:00
20171114,2017,11,14,17:19:00
20171115,2017,11,15,17:18:00
20171116,2017,11,16,17:18:00
20171117,2017,11,17,17:17:00
20171118,2017,11,18,17:17:00
20171119,2017,11,19,17:16:00
20171120,2017,11,20,17:16:00
20171121,2017,11,21,17:15:00
20171122,2017,11,22,17:15:00
20171123,2017,11,23,17:14:00
20171124,2017,11,24,17:14:00
20171125,2017,11,25,17:13:00
20171126,2017,11,26,17:13:00
20171127,2017,11,27,17:13:00
20171128,2017,11,28,17:13:00
20171129,2017,11,29,17:12:00
20171130,2017,11,30,17:12:00
2017121,2017,12,1,17:12:00
2017122,2017,12,2,17:12:00
2017123,2017,12,3,17:12:00
2017124,2017,12,4,17:12:00
2017125,2017,12,5,17:12:00
2017126,2017,12,6,17:12:00
2017127,2017,12,7,17:12:00
2017128,2017,12,8,17:12:00
2017129,2017,12,9,17:12:00
20171210,2017,12,10,17:12:00
20171211,2017,12,11,17:12:00
20171212,2017,12,12,17:12:00
20171213,2017,12,13,17:13:00
20171214,2017,12,14,17:13:00
20171215,2017,12,15,17:13:00
20171216,2017,12,16,17:14:00
20171217,2017,12,17,17:14:00
20171218,2017,12,18,17:14:00
20171219,2017,12,19,17:15:00
20171220,2017,12,20,17:15:00
20171221,2017,12,21,17:16:00
20171222,2017,12,22,17:16:00
20171223,2017,12,23,17:17:00
20171224,2017,12,24,17:17:00
20171225,2017,12,25,17:18:00
20171226,2017,12,26,17:19:00
20171227,2017,12,27,17:19:00
20171228,2017,12,28,17:20:00
20171229,2017,12,29,17:21:00
20171230,2017,12,30,17:21:00
20171231,2017,12,31,17:22:00
201611,2016,1,1,17:23:00
201612,2016,1,2,17:23:00
201613,2016,1,3,17:24:00
201614,2016,1,4,17:25:00
201615,2016,1,5,17:26:00
201616,2016,1,6,17:27:00
201617,2016,1,7,17:27:00
201618,2016,1,8,17:28:00
201619,2016,1,9,17:29:00
2016110,2016,1,10,17:30:00
2016111,2016,1,11,17:31:00
2016112,2016,1,12,17:32:00
2016113,2016,1,13,17:33:00
2016114,2016,1,14,17:34:00
2016115,2016,1,15,17:35:00
2016116,2016,1,16,17:36:00
2016117,2016,1,17,17:37:00
2016118,2016,1,18,17:38:00
2016119,2016,1,19,17:39:00
2016120,2016,1,20,17:40:00
2016121,2016,1,21,17:41:00
2016122,2016,1,22,17:42:00
2016123,2016,1,23,17:43:00
2016124,2016,1,24,17:44:00
2016125,2016,1,25,17:45:00
2016126,2016,1,26,17:46:00
2016127,2016,1,27,17:47:00
2016128,2016,1,28,17:49:00
2016129,2016,1,29,17:50:00
2016130,2016,1,30,17:51:00
2016131,2016,1,31,17:52:00
201621,2016,2,1,17:53:00
201622,2016,2,2,17:54:00
201623,2016,2,3,17:55:00
201624,2016,2,4,17:56:00
201625,2016,2,5,17:57:00
201626,2016,2,6,17:58:00
201627,2016,2,7,17:59:00
201628,2016,2,8,18:00:00
201629,2016,2,9,18:01:00
2016210,2016,2,10,18:02:00
2016211,2016,2,11,18:03:00
2016212,2016,2,12,18:04:00
2016213,2016,2,13,18:05:00
2016214,2016,2,14,18:06:00
2016215,2016,2,15,18:07:00
2016216,2016,2,16,18:08:00
2016217,2016,2,17,18:09:00
2016218,2016,2,18,18:10:00
2016219,2016,2,19,18:11:00
2016220,2016,2,20,18:12:00
2016221,2016,2,21,18:13:00
2016222,2016,2,22,18:14:00
2016223,2016,2,23,18:15:00
2016224,2016,2,24,18:16:00
2016225,2016,2,25,18:17:00
2016226,2016,2,26,18:18:00
2016227,2016,2,27,18:19:00
2016228,2016,2,28,18:20:00
201631,2016,3,1,18:22:00
201632,2016,3,2,18:23:00
201633,2016,3,3,18:24:00
201634,2016,3,4,18:25:00
201635,2016,3,5,18:26:00
201636,2016,3,6,18:27:00
201637,2016,3,7,18:27:00
201638,2016,3,8,18:28:00
201639,2016,3,9,18:29:00
2016310,2016,3,10,18:30:00
2016311,2016,3,11,18:31:00
2016312,2016,3,12,18:32:00
2016313,2016,3,13,19:33:00
2016314,2016,3,14,19:34:00
2016315,2016,3,15,19:35:00
2016316,2016,3,16,19:35:00
2016317,2016,3,17,19:36:00
2016318,2016,3,18,19:37:00
2016319,2016,3,19,19:38:00
2016320,2016,3,20,19:39:00
2016321,2016,3,21,19:40:00
2016322,2016,3,22,19:41:00
2016323,2016,3,23,19:41:00
2016324,2016,3,24,19:42:00
2016325,2016,3,25,19:43:00
2016326,2016,3,26,19:44:00
2016327,2016,3,27,19:45:00
2016328,2016,3,28,19:46:00
2016329,2016,3,29,19:47:00
2016330,2016,3,30,19:47:00
2016331,2016,3,31,19:48:00
201641,2016,4,1,19:49:00
201642,2016,4,2,19:50:00
201643,2016,4,3,19:51:00
201644,2016,4,4,19:52:00
201645,2016,4,5,19:53:00
201646,2016,4,6,19:53:00
201647,2016,4,7,19:54:00
201648,2016,4,8,19:55:00
201649,2016,4,9,19:56:00
2016410,2016,4,10,19:57:00
2016411,2016,4,11,19:58:00
2016412,2016,4,12,19:58:00
2016413,2016,4,13,19:59:00
2016414,2016,4,14,20:00:00
2016415,2016,4,15,20:01:00
2016416,2016,4,16,20:02:00
2016417,2016,4,17,20:03:00
2016418,2016,4,18,20:04:00
2016419,2016,4,19,20:04:00
2016420,2016,4,20,20:05:00
2016421,2016,4,21,20:06:00
2016422,2016,4,22,20:07:00
2016423,2016,4,23,20:08:00
2016424,2016,4,24,20:09:00
2016425,2016,4,25,20:10:00
2016426,2016,4,26,20:10:00
2016427,2016,4,27,20:11:00
2016428,2016,4,28,20:12:00
2016429,2016,4,29,20:13:00
2016430,2016,4,30,20:14:00
201651,2016,5,1,20:15:00
201652,2016,5,2,20:16:00
201653,2016,5,3,20:16:00
201654,2016,5,4,20:17:00
201655,2016,5,5,20:18:00
201656,2016,5,6,20:19:00
201657,2016,5,7,20:20:00
201658,2016,5,8,20:21:00
201659,2016,5,9,20:22:00
2016510,2016,5,10,20:22:00
2016511,2016,5,11,20:23:00
2016512,2016,5,12,20:24:00
2016513,2016,5,13,20:25:00
2016514,2016,5,14,20:26:00
2016515,2016,5,15,20:27:00
2016516,2016,5,16,20:27:00
2016517,2016,5,17,20:28:00
2016518,2016,5,18,20:29:00
2016519,2016,5,19,20:30:00
2016520,2016,5,20,20:30:00
2016521,2016,5,21,20:31:00
2016522,2016,5,22,20:32:00
2016523,2016,5,23,20:33:00
2016524,2016,5,24,20:34:00
2016525,2016,5,25,20:34:00
2016526,2016,5,26,20:35:00
2016527,2016,5,27,20:36:00
2016528,2016,5,28,20:36:00
2016529,2016,5,29,20:37:00
2016530,2016,5,30,20:38:00
2016531,2016,5,31,20:38:00
201661,2016,6,1,20:39:00
201662,2016,6,2,20:40:00
201663,2016,6,3,20:40:00
201664,2016,6,4,20:41:00
201665,2016,6,5,20:41:00
201666,2016,6,6,20:42:00
201667,2016,6,7,20:42:00
201668,2016,6,8,20:43:00
201669,2016,6,9,20:43:00
2016610,2016,6,10,20:44:00
2016611,2016,6,11,20:44:00
2016612,2016,6,12,20:45:00
2016613,2016,6,13,20:45:00
2016614,2016,6,14,20:46:00
2016615,2016,6,15,20:46:00
2016616,2016,6,16,20:46:00
2016617,2016,6,17,20:47:00
2016618,2016,6,18,20:47:00
2016619,2016,6,19,20:47:00
2016620,2016,6,20,20:47:00
2016621,2016,6,21,20:47:00
2016622,2016,6,22,20:48:00
2016623,2016,6,23,20:48:00
2016624,2016,6,24,20:48:00
2016625,2016,6,25,20:48:00
2016626,2016,6,26,20:48:00
2016627,2016,6,27,20:48:00
2016628,2016,6,28,20:48:00
2016629,2016,6,29,20:48:00
2016630,2016,6,30,20:48:00
201671,2016,7,1,20:48:00
201672,2016,7,2,20:48:00
201673,2016,7,3,20:48:00
201674,2016,7,4,20:48:00
201675,2016,7,5,20:47:00
201676,2016,7,6,20:47:00
201677,2016,7,7,20:47:00
201678,2016,7,8,20:47:00
201679,2016,7,9,20:46:00
2016710,2016,7,10,20:46:00
2016711,2016,7,11,20:46:00
2016712,2016,7,12,20:45:00
2016713,2016,7,13,20:45:00
2016714,2016,7,14,20:44:00
2016715,2016,7,15,20:44:00
2016716,2016,7,16,20:43:00
2016717,2016,7,17,20:43:00
2016718,2016,7,18,20:42:00
2016719,2016,7,19,20:42:00
2016720,2016,7,20,20:41:00
2016721,2016,7,21,20:40:00
2016722,2016,7,22,20:40:00
2016723,2016,7,23,20:39:00
2016724,2016,7,24,20:38:00
2016725,2016,7,25,20:37:00
2016726,2016,7,26,20:37:00
2016727,2016,7,27,20:36:00
2016728,2016,7,28,20:35:00
2016729,2016,7,29,20:34:00
2016730,2016,7,30,20:33:00
2016731,2016,7,31,20:32:00
201681,2016,8,1,20:31:00
201682,2016,8,2,20:31:00
201683,2016,8,3,20:30:00
201684,2016,8,4,20:29:00
201685,2016,8,5,20:28:00
201686,2016,8,6,20:27:00
201687,2016,8,7,20:25:00
201688,2016,8,8,20:24:00
201689,2016,8,9,20:23:00
2016810,2016,8,10,20:22:00
2016811,2016,8,11,20:21:00
2016812,2016,8,12,20:20:00
2016813,2016,8,13,20:19:00
2016814,2016,8,14,20:18:00
2016815,2016,8,15,20:16:00
2016816,2016,8,16,20:15:00
2016817,2016,8,17,20:14:00
2016818,2016,8,18,20:13:00
2016819,2016,8,19,20:11:00
2016820,2016,8,20,20:10:00
2016821,2016,8,21,20:09:00
2016822,2016,8,22,20:07:00
2016823,2016,8,23,20:06:00
2016824,2016,8,24,20:05:00
2016825,2016,8,25,20:03:00
2016826,2016,8,26,20:02:00
2016827,2016,8,27,20:01:00
2016828,2016,8,28,19:59:00
2016829,2016,8,29,19:58:00
2016830,2016,8,30,19:57:00
2016831,2016,8,31,19:55:00
201691,2016,9,1,19:54:00
201692,2016,9,2,19:52:00
201693,2016,9,3,19:51:00
201694,2016,9,4,19:49:00
201695,2016,9,5,19:48:00
201696,2016,9,6,19:47:00
201697,2016,9,7,19:45:00
201698,2016,9,8,19:44:00
201699,2016,9,9,19:42:00
2016910,2016,9,10,19:41:00
2016911,2016,9,11,19:39:00
2016912,2016,9,12,19:38:00
2016913,2016,9,13,19:36:00
2016914,2016,9,14,19:35:00
2016915,2016,9,15,19:33:00
2016916,2016,9,16,19:32:00
2016917,2016,9,17,19:30:00
2016918,2016,9,18,19:29:00
2016919,2016,9,19,19:27:00
2016920,2016,9,20,19:26:00
2016921,2016,9,21,19:24:00
2016922,2016,9,22,19:23:00
2016923,2016,9,23,19:21:00
2016924,2016,9,24,19:20:00
2016925,2016,9,25,19:18:00
2016926,2016,9,26,19:17:00
2016927,2016,9,27,19:15:00
2016928,2016,9,28,19:14:00
2016929,2016,9,29,19:12:00
2016930,2016,9,30,19:11:00
2016101,2016,10,1,19:10:00
2016102,2016,10,2,19:08:00
2016103,2016,10,3,19:07:00
2016104,2016,10,4,19:05:00
2016105,2016,10,5,19:04:00
2016106,2016,10,6,19:02:00
2016107,2016,10,7,19:01:00
2016108,2016,10,8,19:00:00
2016109,2016,10,9,18:58:00
20161010,2016,10,10,18:57:00
20161011,2016,10,11,18:55:00
20161012,2016,10,12,18:54:00
20161013,2016,10,13,18:53:00
20161014,2016,10,14,18:51:00
20161015,2016,10,15,18:50:00
20161016,2016,10,16,18:49:00
20161017,2016,10,17,18:47:00
20161018,2016,10,18,18:46:00
20161019,2016,10,19,18:45:00
20161020,2016,10,20,18:44:00
20161021,2016,10,21,18:42:00
20161022,2016,10,22,18:41:00
20161023,2016,10,23,18:40:00
20161024,2016,10,24,18:39:00
20161025,2016,10,25,18:38:00
20161026,2016,10,26,18:36:00
20161027,2016,10,27,18:35:00
20161028,2016,10,28,18:34:00
20161029,2016,10,29,18:33:00
20161030,2016,10,30,18:32:00
20161031,2016,10,31,18:31:00
2016111,2016,11,1,18:30:00
2016112,2016,11,2,18:29:00
2016113,2016,11,3,18:28:00
2016114,2016,11,4,18:27:00
2016115,2016,11,5,18:26:00
2016116,2016,11,6,17:25:00
2016117,2016,11,7,17:24:00
2016118,2016,11,8,17:23:00
2016119,2016,11,9,17:23:00
20161110,2016,11,10,17:22:00
20161111,2016,11,11,17:21:00
20161112,2016,11,12,17:20:00
20161113,2016,11,13,17:20:00
20161114,2016,11,14,17:19:00
20161115,2016,11,15,17:18:00
20161116,2016,11,16,17:18:00
20161117,2016,11,17,17:17:00
20161118,2016,11,18,17:16:00
20161119,2016,11,19,17:16:00
20161120,2016,11,20,17:15:00
20161121,2016,11,21,17:15:00
20161122,2016,11,22,17:15:00
20161123,2016,11,23,17:14:00
20161124,2016,11,24,17:14:00
20161125,2016,11,25,17:13:00
20161126,2016,11,26,17:13:00
20161127,2016,11,27,17:13:00
20161128,2016,11,28,17:13:00
20161129,2016,11,29,17:12:00
20161130,2016,11,30,17:12:00
2016121,2016,12,1,17:12:00
2016122,2016,12,2,17:12:00
2016123,2016,12,3,17:12:00
2016124,2016,12,4,17:12:00
2016125,2016,12,5,17:12:00
2016126,2016,12,6,17:12:00
2016127,2016,12,7,17:12:00
2016128,2016,12,8,17:12:00
2016129,2016,12,9,17:12:00
20161210,2016,12,10,17:12:00
20161211,2016,12,11,17:12:00
20161212,2016,12,12,17:13:00
20161213,2016,12,13,17:13:00
20161214,2016,12,14,17:13:00
20161215,2016,12,15,17:13:00
20161216,2016,12,16,17:14:00
20161217,2016,12,17,17:14:00
20161218,2016,12,18,17:15:00
20161219,2016,12,19,17:15:00
20161220,2016,12,20,17:15:00
20161221,2016,12,21,17:16:00
20161222,2016,12,22,17:16:00
20161223,2016,12,23,17:17:00
20161224,2016,12,24,17:18:00
20161225,2016,12,25,17:18:00
20161226,2016,12,26,17:19:00
20161227,2016,12,27,17:19:00
20161228,2016,12,28,17:20:00
20161229,2016,12,29,17:21:00
20161230,2016,12,30,17:22:00
20161231,2016,12,31,17:22:00
201511,2015,1,1,17:23:00
201512,2015,1,2,17:24:00
201513,2015,1,3,17:25:00
201514,2015,1,4,17:25:00
201515,2015,1,5,17:26:00
201516,2015,1,6,17:27:00
201517,2015,1,7,17:28:00
201518,2015,1,8,17:29:00
201519,2015,1,9,17:30:00
2015110,2015,1,10,17:31:00
2015111,2015,1,11,17:32:00
2015112,2015,1,12,17:33:00
2015113,2015,1,13,17:34:00
2015114,2015,1,14,17:35:00
2015115,2015,1,15,17:36:00
2015116,2015,1,16,17:37:00
2015117,2015,1,17,17:38:00
2015118,2015,1,18,17:39:00
2015119,2015,1,19,17:40:00
2015120,2015,1,20,17:41:00
2015121,2015,1,21,17:42:00
2015122,2015,1,22,17:43:00
2015123,2015,1,23,17:44:00
2015124,2015,1,24,17:45:00
2015125,2015,1,25,17:46:00
2015126,2015,1,26,17:47:00
2015127,2015,1,27,17:48:00
2015128,2015,1,28,17:49:00
2015129,2015,1,29,17:50:00
2015130,2015,1,30,17:51:00
2015131,2015,1,31,17:52:00
201521,2015,2,1,17:53:00
201522,2015,2,2,17:54:00
201523,2015,2,3,17:55:00
201524,2015,2,4,17:56:00
201525,2015,2,5,17:58:00
201526,2015,2,6,17:59:00
201527,2015,2,7,18:00:00
201528,2015,2,8,18:01:00
201529,2015,2,9,18:02:00
2015210,2015,2,10,18:03:00
2015211,2015,2,11,18:04:00
2015212,2015,2,12,18:05:00
2015213,2015,2,13,18:06:00
2015214,2015,2,14,18:07:00
2015215,2015,2,15,18:08:00
2015216,2015,2,16,18:09:00
2015217,2015,2,17,18:10:00
2015218,2015,2,18,18:11:00
2015219,2015,2,19,18:12:00
2015220,2015,2,20,18:13:00
2015221,2015,2,21,18:14:00
2015222,2015,2,22,18:15:00
2015223,2015,2,23,18:16:00
2015224,2015,2,24,18:17:00
2015225,2015,2,25,18:18:00
2015226,2015,2,26,18:19:00
2015227,2015,2,27,18:20:00
2015228,2015,2,28,18:21:00
201531,2015,3,1,18:22:00
201532,2015,3,2,18:22:00
201533,2015,3,3,18:23:00
201534,2015,3,4,18:24:00
201535,2015,3,5,18:25:00
201536,2015,3,6,18:26:00
201537,2015,3,7,18:27:00
201538,2015,3,8,18:28:00
201539,2015,3,9,19:29:00
2015310,2015,3,10,19:30:00
2015311,2015,3,11,19:31:00
2015312,2015,3,12,19:31:00
2015313,2015,3,13,19:32:00
2015314,2015,3,14,19:33:00
2015315,2015,3,15,19:34:00
2015316,2015,3,16,19:35:00
2015317,2015,3,17,19:36:00
2015318,2015,3,18,19:37:00
2015319,2015,3,19,19:38:00
2015320,2015,3,20,19:38:00
2015321,2015,3,21,19:39:00
2015322,2015,3,22,19:40:00
2015323,2015,3,23,19:41:00
2015324,2015,3,24,19:42:00
2015325,2015,3,25,19:43:00
2015326,2015,3,26,19:44:00
2015327,2015,3,27,19:44:00
2015328,2015,3,28,19:45:00
2015329,2015,3,29,19:46:00
2015330,2015,3,30,19:47:00
2015331,2015,3,31,19:48:00
201541,2015,4,1,19:49:00
201542,2015,4,2,19:50:00
201543,2015,4,3,19:50:00
201544,2015,4,4,19:51:00
201545,2015,4,5,19:52:00
201546,2015,4,6,19:53:00
201547,2015,4,7,19:54:00
201548,2015,4,8,19:55:00
201549,2015,4,9,19:55:00
2015410,2015,4,10,19:56:00
2015411,2015,4,11,19:57:00
2015412,2015,4,12,19:58:00
2015413,2015,4,13,19:59:00
2015414,2015,4,14,20:00:00
2015415,2015,4,15,20:01:00
2015416,2015,4,16,20:01:00
2015417,2015,4,17,20:02:00
2015418,2015,4,18,20:03:00
2015419,2015,4,19,20:04:00
2015420,2015,4,20,20:05:00
2015421,2015,4,21,20:06:00
2015422,2015,4,22,20:07:00
2015423,2015,4,23,20:07:00
2015424,2015,4,24,20:08:00
2015425,2015,4,25,20:09:00
2015426,2015,4,26,20:10:00
2015427,2015,4,27,20:11:00
2015428,2015,4,28,20:12:00
2015429,2015,4,29,20:13:00
2015430,2015,4,30,20:13:00
201551,2015,5,1,20:14:00
201552,2015,5,2,20:15:00
201553,2015,5,3,20:16:00
201554,2015,5,4,20:17:00
201555,2015,5,5,20:18:00
201556,2015,5,6,20:19:00
201557,2015,5,7,20:19:00
201558,2015,5,8,20:20:00
201559,2015,5,9,20:21:00
2015510,2015,5,10,20:22:00
2015511,2015,5,11,20:23:00
2015512,2015,5,12,20:24:00
2015513,2015,5,13,20:24:00
2015514,2015,5,14,20:25:00
2015515,2015,5,15,20:26:00
2015516,2015,5,16,20:27:00
2015517,2015,5,17,20:28:00
2015518,2015,5,18,20:29:00
2015519,2015,5,19,20:29:00
2015520,2015,5,20,20:30:00
2015521,2015,5,21,20:31:00
2015522,2015,5,22,20:32:00
2015523,2015,5,23,20:32:00
2015524,2015,5,24,20:33:00
2015525,2015,5,25,20:34:00
2015526,2015,5,26,20:35:00
2015527,2015,5,27,20:35:00
2015528,2015,5,28,20:36:00
2015529,2015,5,29,20:37:00
2015530,2015,5,30,20:37:00
2015531,2015,5,31,20:38:00
201561,2015,6,1,20:39:00
201562,2015,6,2,20:39:00
201563,2015,6,3,20:40:00
201564,2015,6,4,20:40:00
201565,2015,6,5,20:41:00
201566,2015,6,6,20:42:00
201567,2015,6,7,20:42:00
201568,2015,6,8,20:43:00
201569,2015,6,9,20:43:00
2015610,2015,6,10,20:44:00
2015611,2015,6,11,20:44:00
2015612,2015,6,12,20:45:00
2015613,2015,6,13,20:45:00
2015614,2015,6,14,20:45:00
2015615,2015,6,15,20:46:00
2015616,2015,6,16,20:46:00
2015617,2015,6,17,20:46:00
2015618,2015,6,18,20:47:00
2015619,2015,6,19,20:47:00
2015620,2015,6,20,20:47:00
2015621,2015,6,21,20:47:00
2015622,2015,6,22,20:48:00
2015623,2015,6,23,20:48:00
2015624,2015,6,24,20:48:00
2015625,2015,6,25,20:48:00
2015626,2015,6,26,20:48:00
2015627,2015,6,27,20:48:00
2015628,2015,6,28,20:48:00
2015629,2015,6,29,20:48:00
2015630,2015,6,30,20:48:00
201571,2015,7,1,20:48:00
201572,2015,7,2,20:48:00
201573,2015,7,3,20:48:00
201574,2015,7,4,20:48:00
201575,2015,7,5,20:47:00
201576,2015,7,6,20:47:00
201577,2015,7,7,20:47:00
201578,2015,7,8,20:47:00
201579,2015,7,9,20:46:00
2015710,2015,7,10,20:46:00
2015711,2015,7,11,20:46:00
2015712,2015,7,12,20:45:00
2015713,2015,7,13,20:45:00
2015714,2015,7,14,20:45:00
2015715,2015,7,15,20:44:00
2015716,2015,7,16,20:44:00
2015717,2015,7,17,20:43:00
2015718,2015,7,18,20:42:00
2015719,2015,7,19,20:42:00
2015720,2015,7,20,20:41:00
2015721,2015,7,21,20:41:00
2015722,2015,7,22,20:40:00
2015723,2015,7,23,20:39:00
2015724,2015,7,24,20:39:00
2015725,2015,7,25,20:38:00
2015726,2015,7,26,20:37:00
2015727,2015,7,27,20:36:00
2015728,2015,7,28,20:35:00
2015729,2015,7,29,20:35:00
2015730,2015,7,30,20:34:00
2015731,2015,7,31,20:33:00
201581,2015,8,1,20:32:00
201582,2015,8,2,20:31:00
201583,2015,8,3,20:30:00
201584,2015,8,4,20:29:00
201585,2015,8,5,20:28:00
201586,2015,8,6,20:27:00
201587,2015,8,7,20:26:00
201588,2015,8,8,20:25:00
201589,2015,8,9,20:24:00
2015810,2015,8,10,20:23:00
2015811,2015,8,11,20:22:00
2015812,2015,8,12,20:20:00
2015813,2015,8,13,20:19:00
2015814,2015,8,14,20:18:00
2015815,2015,8,15,20:17:00
2015816,2015,8,16,20:16:00
2015817,2015,8,17,20:14:00
2015818,2015,8,18,20:13:00
2015819,2015,8,19,20:12:00
2015820,2015,8,20,20:11:00
2015821,2015,8,21,20:09:00
2015822,2015,8,22,20:08:00
2015823,2015,8,23,20:07:00
2015824,2015,8,24,20:05:00
2015825,2015,8,25,20:04:00
2015826,2015,8,26,20:03:00
2015827,2015,8,27,20:01:00
2015828,2015,8,28,20:00:00
2015829,2015,8,29,19:59:00
2015830,2015,8,30,19:57:00
2015831,2015,8,31,19:56:00
201591,2015,9,1,19:54:00
201592,2015,9,2,19:53:00
201593,2015,9,3,19:52:00
201594,2015,9,4,19:50:00
201595,2015,9,5,19:49:00
201596,2015,9,6,19:47:00
201597,2015,9,7,19:46:00
201598,2015,9,8,19:44:00
201599,2015,9,9,19:43:00
2015910,2015,9,10,19:41:00
2015911,2015,9,11,19:40:00
2015912,2015,9,12,19:38:00
2015913,2015,9,13,19:37:00
2015914,2015,9,14,19:35:00
2015915,2015,9,15,19:34:00
2015916,2015,9,16,19:33:00
2015917,2015,9,17,19:31:00
2015918,2015,9,18,19:30:00
2015919,2015,9,19,19:28:00
2015920,2015,9,20,19:27:00
2015921,2015,9,21,19:25:00
2015922,2015,9,22,19:24:00
2015923,2015,9,23,19:22:00
2015924,2015,9,24,19:21:00
2015925,2015,9,25,19:19:00
2015926,2015,9,26,19:18:00
2015927,2015,9,27,19:16:00
2015928,2015,9,28,19:15:00
2015929,2015,9,29,19:13:00
2015930,2015,9,30,19:12:00
2015101,2015,10,1,19:10:00
2015102,2015,10,2,19:09:00
2015103,2015,10,3,19:07:00
2015104,2015,10,4,19:06:00
2015105,2015,10,5,19:04:00
2015106,2015,10,6,19:03:00
2015107,2015,10,7,19:02:00
2015108,2015,10,8,19:00:00
2015109,2015,10,9,18:59:00
20151010,2015,10,10,18:57:00
20151011,2015,10,11,18:56:00
20151012,2015,10,12,18:55:00
20151013,2015,10,13,18:53:00
20151014,2015,10,14,18:52:00
20151015,2015,10,15,18:51:00
20151016,2015,10,16,18:49:00
20151017,2015,10,17,18:48:00
20151018,2015,10,18,18:47:00
20151019,2015,10,19,18:45:00
20151020,2015,10,20,18:44:00
20151021,2015,10,21,18:43:00
20151022,2015,10,22,18:42:00
20151023,2015,10,23,18:41:00
20151024,2015,10,24,18:39:00
20151025,2015,10,25,18:38:00
20151026,2015,10,26,18:37:00
20151027,2015,10,27,18:36:00
20151028,2015,10,28,18:35:00
20151029,2015,10,29,18:34:00
20151030,2015,10,30,18:33:00
20151031,2015,10,31,18:32:00
2015111,2015,11,1,18:30:00
2015112,2015,11,2,17:29:00
2015113,2015,11,3,17:28:00
2015114,2015,11,4,17:28:00
2015115,2015,11,5,17:27:00
2015116,2015,11,6,17:26:00
2015117,2015,11,7,17:25:00
2015118,2015,11,8,17:24:00
2015119,2015,11,9,17:23:00
20151110,2015,11,10,17:22:00
20151111,2015,11,11,17:21:00
20151112,2015,11,12,17:21:00
20151113,2015,11,13,17:20:00
20151114,2015,11,14,17:19:00
20151115,2015,11,15,17:19:00
20151116,2015,11,16,17:18:00
20151117,2015,11,17,17:17:00
20151118,2015,11,18,17:17:00
20151119,2015,11,19,17:16:00
20151120,2015,11,20,17:16:00
20151121,2015,11,21,17:15:00
20151122,2015,11,22,17:15:00
20151123,2015,11,23,17:14:00
20151124,2015,11,24,17:14:00
20151125,2015,11,25,17:14:00
20151126,2015,11,26,17:13:00
20151127,2015,11,27,17:13:00
20151128,2015,11,28,17:13:00
20151129,2015,11,29,17:12:00
20151130,2015,11,30,17:12:00
2015121,2015,12,1,17:12:00
2015122,2015,12,2,17:12:00
2015123,2015,12,3,17:12:00
2015124,2015,12,4,17:12:00
2015125,2015,12,5,17:12:00
2015126,2015,12,6,17:12:00
2015127,2015,12,7,17:12:00
2015128,2015,12,8,17:12:00
2015129,2015,12,9,17:12:00
20151210,2015,12,10,17:12:00
20151211,2015,12,11,17:12:00
20151212,2015,12,12,17:12:00
20151213,2015,12,13,17:13:00
20151214,2015,12,14,17:13:00
20151215,2015,12,15,17:13:00
20151216,2015,12,16,17:14:00
20151217,2015,12,17,17:14:00
20151218,2015,12,18,17:14:00
20151219,2015,12,19,17:15:00
20151220,2015,12,20,17:15:00
20151221,2015,12,21,17:16:00
20151222,2015,12,22,17:16:00
20151223,2015,12,23,17:17:00
20151224,2015,12,24,17:17:00
20151225,2015,12,25,17:18:00
20151226,2015,12,26,17:18:00
20151227,2015,12,27,17:19:00
20151228,2015,12,28,17:20:00
20151229,2015,12,29,17:20:00
20151230,2015,12,30,17:21:00
20151231,2015,12,31,17:22:00
201411,2014,1,1,17:23:00
201412,2014,1,2,17:24:00
201413,2014,1,3,17:25:00
201414,2014,1,4,17:25:00
201415,2014,1,5,17:26:00
201416,2014,1,6,17:27:00
201417,2014,1,7,17:28:00
201418,2014,1,8,17:29:00
201419,2014,1,9,17:30:00
2014110,2014,1,10,17:31:00
2014111,2014,1,11,17:32:00
2014112,2014,1,12,17:33:00
2014113,2014,1,13,17:34:00
2014114,2014,1,14,17:35:00
2014115,2014,1,15,17:36:00
2014116,2014,1,16,17:37:00
2014117,2014,1,17,17:38:00
2014118,2014,1,18,17:39:00
2014119,2014,1,19,17:40:00
2014120,2014,1,20,17:41:00
2014121,2014,1,21,17:42:00
2014122,2014,1,22,17:43:00
2014123,2014,1,23,17:44:00
2014124,2014,1,24,17:45:00
2014125,2014,1,25,17:46:00
2014126,2014,1,26,17:47:00
2014127,2014,1,27,17:48:00
2014128,2014,1,28,17:49:00
2014129,2014,1,29,17:50:00
2014130,2014,1,30,17:51:00
2014131,2014,1,31,17:52:00
201421,2014,2,1,17:53:00
201422,2014,2,2,17:54:00
201423,2014,2,3,17:55:00
201424,2014,2,4,17:56:00
201425,2014,2,5,17:58:00
201426,2014,2,6,17:59:00
201427,2014,2,7,18:00:00
201428,2014,2,8,18:01:00
201429,2014,2,9,18:02:00
2014210,2014,2,10,18:03:00
2014211,2014,2,11,18:04:00
2014212,2014,2,12,18:05:00
2014213,2014,2,13,18:06:00
2014214,2014,2,14,18:07:00
2014215,2014,2,15,18:08:00
2014216,2014,2,16,18:09:00
2014217,2014,2,17,18:10:00
2014218,2014,2,18,18:11:00
2014219,2014,2,19,18:12:00
2014220,2014,2,20,18:13:00
2014221,2014,2,21,18:14:00
2014222,2014,2,22,18:15:00
2014223,2014,2,23,18:16:00
2014224,2014,2,24,18:17:00
2014225,2014,2,25,18:18:00
2014226,2014,2,26,18:19:00
2014227,2014,2,27,18:20:00
2014228,2014,2,28,18:21:00
201431,2014,3,1,18:22:00
201432,2014,3,2,18:22:00
201433,2014,3,3,18:23:00
201434,2014,3,4,18:24:00
201435,2014,3,5,18:25:00
201436,2014,3,6,18:26:00
201437,2014,3,7,18:27:00
201438,2014,3,8,18:28:00
201439,2014,3,9,19:29:00
2014310,2014,3,10,19:30:00
2014311,2014,3,11,19:31:00
2014312,2014,3,12,19:31:00
2014313,2014,3,13,19:32:00
2014314,2014,3,14,19:33:00
2014315,2014,3,15,19:34:00
2014316,2014,3,16,19:35:00
2014317,2014,3,17,19:36:00
2014318,2014,3,18,19:37:00
2014319,2014,3,19,19:38:00
2014320,2014,3,20,19:38:00
2014321,2014,3,21,19:39:00
2014322,2014,3,22,19:40:00
2014323,2014,3,23,19:41:00
2014324,2014,3,24,19:42:00
2014325,2014,3,25,19:43:00
2014326,2014,3,26,19:44:00
2014327,2014,3,27,19:44:00
2014328,2014,3,28,19:45:00
2014329,2014,3,29,19:46:00
2014330,2014,3,30,19:47:00
2014331,2014,3,31,19:48:00
201441,2014,4,1,19:49:00
201442,2014,4,2,19:50:00
201443,2014,4,3,19:50:00
201444,2014,4,4,19:51:00
201445,2014,4,5,19:52:00
201446,2014,4,6,19:53:00
201447,2014,4,7,19:54:00
201448,2014,4,8,19:55:00
201449,2014,4,9,19:55:00
2014410,2014,4,10,19:56:00
2014411,2014,4,11,19:57:00
2014412,2014,4,12,19:58:00
2014413,2014,4,13,19:59:00
2014414,2014,4,14,20:00:00
2014415,2014,4,15,20:01:00
2014416,2014,4,16,20:01:00
2014417,2014,4,17,20:02:00
2014418,2014,4,18,20:03:00
2014419,2014,4,19,20:04:00
2014420,2014,4,20,20:05:00
2014421,2014,4,21,20:06:00
2014422,2014,4,22,20:07:00
2014423,2014,4,23,20:07:00
2014424,2014,4,24,20:08:00
2014425,2014,4,25,20:09:00
2014426,2014,4,26,20:10:00
2014427,2014,4,27,20:11:00
2014428,2014,4,28,20:12:00
2014429,2014,4,29,20:13:00
2014430,2014,4,30,20:13:00
201451,2014,5,1,20:14:00
201452,2014,5,2,20:15:00
201453,2014,5,3,20:16:00
201454,2014,5,4,20:17:00
201455,2014,5,5,20:18:00
201456,2014,5,6,20:19:00
201457,2014,5,7,20:19:00
201458,2014,5,8,20:20:00
201459,2014,5,9,20:21:00
2014510,2014,5,10,20:22:00
2014511,2014,5,11,20:23:00
2014512,2014,5,12,20:24:00
2014513,2014,5,13,20:24:00
2014514,2014,5,14,20:25:00
2014515,2014,5,15,20:26:00
2014516,2014,5,16,20:27:00
2014517,2014,5,17,20:28:00
2014518,2014,5,18,20:29:00
2014519,2014,5,19,20:29:00
2014520,2014,5,20,20:30:00
2014521,2014,5,21,20:31:00
2014522,2014,5,22,20:32:00
2014523,2014,5,23,20:32:00
2014524,2014,5,24,20:33:00
2014525,2014,5,25,20:34:00
2014526,2014,5,26,20:35:00
2014527,2014,5,27,20:35:00
2014528,2014,5,28,20:36:00
2014529,2014,5,29,20:37:00
2014530,2014,5,30,20:37:00
2014531,2014,5,31,20:38:00
201461,2014,6,1,20:39:00
201462,2014,6,2,20:39:00
201463,2014,6,3,20:40:00
201464,2014,6,4,20:40:00
201465,2014,6,5,20:41:00
201466,2014,6,6,20:42:00
201467,2014,6,7,20:42:00
201468,2014,6,8,20:43:00
201469,2014,6,9,20:43:00
2014610,2014,6,10,20:44:00
2014611,2014,6,11,20:44:00
2014612,2014,6,12,20:45:00
2014613,2014,6,13,20:45:00
2014614,2014,6,14,20:45:00
2014615,2014,6,15,20:46:00
2014616,2014,6,16,20:46:00
2014617,2014,6,17,20:46:00
2014618,2014,6,18,20:47:00
2014619,2014,6,19,20:47:00
2014620,2014,6,20,20:47:00
2014621,2014,6,21,20:47:00
2014622,2014,6,22,20:48:00
2014623,2014,6,23,20:48:00
2014624,2014,6,24,20:48:00
2014625,2014,6,25,20:48:00
2014626,2014,6,26,20:48:00
2014627,2014,6,27,20:48:00
2014628,2014,6,28,20:48:00
2014629,2014,6,29,20:48:00
2014630,2014,6,30,20:48:00
201471,2014,7,1,20:48:00
201472,2014,7,2,20:48:00
201473,2014,7,3,20:48:00
201474,2014,7,4,20:48:00
201475,2014,7,5,20:47:00
201476,2014,7,6,20:47:00
201477,2014,7,7,20:47:00
201478,2014,7,8,20:47:00
201479,2014,7,9,20:46:00
2014710,2014,7,10,20:46:00
2014711,2014,7,11,20:46:00
2014712,2014,7,12,20:45:00
2014713,2014,7,13,20:45:00
2014714,2014,7,14,20:45:00
2014715,2014,7,15,20:44:00
2014716,2014,7,16,20:44:00
2014717,2014,7,17,20:43:00
2014718,2014,7,18,20:42:00
2014719,2014,7,19,20:42:00
2014720,2014,7,20,20:41:00
2014721,2014,7,21,20:41:00
2014722,2014,7,22,20:40:00
2014723,2014,7,23,20:39:00
2014724,2014,7,24,20:39:00
2014725,2014,7,25,20:38:00
2014726,2014,7,26,20:37:00
2014727,2014,7,27,20:36:00
2014728,2014,7,28,20:35:00
2014729,2014,7,29,20:35:00
2014730,2014,7,30,20:34:00
2014731,2014,7,31,20:33:00
201481,2014,8,1,20:32:00
201482,2014,8,2,20:31:00
201483,2014,8,3,20:30:00
201484,2014,8,4,20:29:00
201485,2014,8,5,20:28:00
201486,2014,8,6,20:27:00
201487,2014,8,7,20:26:00
201488,2014,8,8,20:25:00
201489,2014,8,9,20:24:00
2014810,2014,8,10,20:23:00
2014811,2014,8,11,20:22:00
2014812,2014,8,12,20:20:00
2014813,2014,8,13,20:19:00
2014814,2014,8,14,20:18:00
2014815,2014,8,15,20:17:00
2014816,2014,8,16,20:16:00
2014817,2014,8,17,20:14:00
2014818,2014,8,18,20:13:00
2014819,2014,8,19,20:12:00
2014820,2014,8,20,20:11:00
2014821,2014,8,21,20:09:00
2014822,2014,8,22,20:08:00
2014823,2014,8,23,20:07:00
2014824,2014,8,24,20:05:00
2014825,2014,8,25,20:04:00
2014826,2014,8,26,20:03:00
2014827,2014,8,27,20:01:00
2014828,2014,8,28,20:00:00
2014829,2014,8,29,19:59:00
2014830,2014,8,30,19:57:00
2014831,2014,8,31,19:56:00
201491,2014,9,1,19:54:00
201492,2014,9,2,19:53:00
201493,2014,9,3,19:52:00
201494,2014,9,4,19:50:00
201495,2014,9,5,19:49:00
201496,2014,9,6,19:47:00
201497,2014,9,7,19:46:00
201498,2014,9,8,19:44:00
201499,2014,9,9,19:43:00
2014910,2014,9,10,19:41:00
2014911,2014,9,11,19:40:00
2014912,2014,9,12,19:38:00
2014913,2014,9,13,19:37:00
2014914,2014,9,14,19:35:00
2014915,2014,9,15,19:34:00
2014916,2014,9,16,19:33:00
2014917,2014,9,17,19:31:00
2014918,2014,9,18,19:30:00
2014919,2014,9,19,19:28:00
2014920,2014,9,20,19:27:00
2014921,2014,9,21,19:25:00
2014922,2014,9,22,19:24:00
2014923,2014,9,23,19:22:00
2014924,2014,9,24,19:21:00
2014925,2014,9,25,19:19:00
2014926,2014,9,26,19:18:00
2014927,2014,9,27,19:16:00
2014928,2014,9,28,19:15:00
2014929,2014,9,29,19:13:00
2014930,2014,9,30,19:12:00
2014101,2014,10,1,19:10:00
2014102,2014,10,2,19:09:00
2014103,2014,10,3,19:07:00
2014104,2014,10,4,19:06:00
2014105,2014,10,5,19:04:00
2014106,2014,10,6,19:03:00
2014107,2014,10,7,19:02:00
2014108,2014,10,8,19:00:00
2014109,2014,10,9,18:59:00
20141010,2014,10,10,18:57:00
20141011,2014,10,11,18:56:00
20141012,2014,10,12,18:55:00
20141013,2014,10,13,18:53:00
20141014,2014,10,14,18:52:00
20141015,2014,10,15,18:51:00
20141016,2014,10,16,18:49:00
20141017,2014,10,17,18:48:00
20141018,2014,10,18,18:47:00
20141019,2014,10,19,18:45:00
20141020,2014,10,20,18:44:00
20141021,2014,10,21,18:43:00
20141022,2014,10,22,18:42:00
20141023,2014,10,23,18:41:00
20141024,2014,10,24,18:39:00
20141025,2014,10,25,18:38:00
20141026,2014,10,26,18:37:00
20141027,2014,10,27,18:36:00
20141028,2014,10,28,18:35:00
20141029,2014,10,29,18:34:00
20141030,2014,10,30,18:33:00
20141031,2014,10,31,18:32:00
2014111,2014,11,1,18:30:00
2014112,2014,11,2,17:29:00
2014113,2014,11,3,17:28:00
2014114,2014,11,4,17:28:00
2014115,2014,11,5,17:27:00
2014116,2014,11,6,17:26:00
2014117,2014,11,7,17:25:00
2014118,2014,11,8,17:24:00
2014119,2014,11,9,17:23:00
20141110,2014,11,10,17:22:00
20141111,2014,11,11,17:21:00
20141112,2014,11,12,17:21:00
20141113,2014,11,13,17:20:00
20141114,2014,11,14,17:19:00
20141115,2014,11,15,17:19:00
20141116,2014,11,16,17:18:00
20141117,2014,11,17,17:17:00
20141118,2014,11,18,17:17:00
20141119,2014,11,19,17:16:00
20141120,2014,11,20,17:16:00
20141121,2014,11,21,17:15:00
20141122,2014,11,22,17:15:00
20141123,2014,11,23,17:14:00
20141124,2014,11,24,17:14:00
20141125,2014,11,25,17:14:00
20141126,2014,11,26,17:13:00
20141127,2014,11,27,17:13:00
20141128,2014,11,28,17:13:00
20141129,2014,11,29,17:12:00
20141130,2014,11,30,17:12:00
2014121,2014,12,1,17:12:00
2014122,2014,12,2,17:12:00
2014123,2014,12,3,17:12:00
2014124,2014,12,4,17:12:00
2014125,2014,12,5,17:12:00
2014126,2014,12,6,17:12:00
2014127,2014,12,7,17:12:00
2014128,2014,12,8,17:12:00
2014129,2014,12,9,17:12:00
20141210,2014,12,10,17:12:00
20141211,2014,12,11,17:12:00
20141212,2014,12,12,17:12:00
20141213,2014,12,13,17:13:00
20141214,2014,12,14,17:13:00
20141215,2014,12,15,17:13:00
20141216,2014,12,16,17:14:00
20141217,2014,12,17,17:14:00
20141218,2014,12,18,17:14:00
20141219,2014,12,19,17:15:00
20141220,2014,12,20,17:15:00
20141221,2014,12,21,17:16:00
20141222,2014,12,22,17:16:00
20141223,2014,12,23,17:17:00
20141224,2014,12,24,17:17:00
20141225,2014,12,25,17:18:00
20141226,2014,12,26,17:18:00
20141227,2014,12,27,17:19:00
20141228,2014,12,28,17:20:00
20141229,2014,12,29,17:20:00
20141230,2014,12,30,17:21:00
20141231,2014,12,31,17:22:00
